svn_revision	git_commit	author_date	author	svn_url	svn_uuid
2	c3a344194cad12c84f76a4e892dd5ac9cf8cdaad	2010-06-12T21:21:46Z	arawerma	https://svn.code.sf.net/p/estab/svn/eStab/trunk	595569ee-1d76-4581-98bb-cbe32a4b19d9
4	2d282ac68a83b9555a1323ace78748abd7c7b23e	2010-06-12T21:47:00Z	arawerma	https://svn.code.sf.net/p/estab/svn/eStab/tags/ver0.9.09	595569ee-1d76-4581-98bb-cbe32a4b19d9
5	1ed27536f869e624bc34a34c25417ec62ef45405	2010-06-12T21:49:17Z	arawerma	https://svn.code.sf.net/p/estab/svn/eStab/trunk	595569ee-1d76-4581-98bb-cbe32a4b19d9
6	6ff21cafe1e85fdf083bfaaf2488ee1f568add67	2010-06-12T21:50:17Z	arawerma	https://svn.code.sf.net/p/estab/svn/eStab/trunk	595569ee-1d76-4581-98bb-cbe32a4b19d9
7	324ec701be505d78a99d2e7268b1c6c9f7166d64	2010-06-12T21:52:56Z	arawerma	https://svn.code.sf.net/p/estab/svn/eStab/tags/ver0.9.10	595569ee-1d76-4581-98bb-cbe32a4b19d9
8	4895e6f07a4e37d4c91a99e4d5e89ba6cbef33ce	2010-06-12T21:56:22Z	arawerma	https://svn.code.sf.net/p/estab/svn/eStab/trunk	595569ee-1d76-4581-98bb-cbe32a4b19d9
9	0c161db043056d12a549dee7f7aa1b1742bd8eaa	2010-06-12T21:57:16Z	arawerma	https://svn.code.sf.net/p/estab/svn/eStab/trunk	595569ee-1d76-4581-98bb-cbe32a4b19d9
10	9029d505364897cef94d07fbb4cd5cbaa851817c	2010-06-12T21:58:15Z	arawerma	https://svn.code.sf.net/p/estab/svn/eStab/tags/ver0.9.11	595569ee-1d76-4581-98bb-cbe32a4b19d9
11	fbd8059ad4e45cea8bf78d0c78e00b7edd387392	2010-06-14T19:13:18Z	arawerma	https://svn.code.sf.net/p/estab/svn/eStab/trunk	595569ee-1d76-4581-98bb-cbe32a4b19d9
12	a87d6e4d93ca382cb04546062c66a6555c45a836	2010-06-14T19:38:39Z	arawerma	https://svn.code.sf.net/p/estab/svn/eStab/trunk	595569ee-1d76-4581-98bb-cbe32a4b19d9
13	969c9e40bed8e1e6210d75195bfde753512f6423	2010-06-14T20:08:44Z	arawerma	https://svn.code.sf.net/p/estab/svn/eStab/tags/ver0.9.12	595569ee-1d76-4581-98bb-cbe32a4b19d9
14	ab66c6947930c8f1cb2767205784b576d781d87b	2010-06-14T20:17:22Z	arawerma	https://svn.code.sf.net/p/estab/svn/eStab/trunk	595569ee-1d76-4581-98bb-cbe32a4b19d9
15	0f9da1f37adadcbcac76edc2061bb8044212bab5	2010-06-14T20:18:33Z	arawerma	https://svn.code.sf.net/p/estab/svn/eStab/tags/ver0.9.20	595569ee-1d76-4581-98bb-cbe32a4b19d9
16	201ba537fb2f54856ed10554fe314315d4945696	2010-06-14T21:05:08Z	arawerma	https://svn.code.sf.net/p/estab/svn/eStab/trunk	595569ee-1d76-4581-98bb-cbe32a4b19d9
17	e8f9d46b521ef713f2e31cf81498258415c77bd7	2010-06-14T21:09:15Z	arawerma	https://svn.code.sf.net/p/estab/svn/eStab/tags/ver0.9.20	595569ee-1d76-4581-98bb-cbe32a4b19d9
19	8f3d37fba29e3255151cbee501dcbd5a32acdb5d	2010-06-15T07:33:24Z	arawerma	https://svn.code.sf.net/p/estab/svn/eStab/trunk	595569ee-1d76-4581-98bb-cbe32a4b19d9
20	cdb752afa7f8a8211fae490c2680bceefbb0fe46	2010-06-15T19:49:44Z	arawerma	https://svn.code.sf.net/p/estab/svn/eStab/branch/0.9.20_buttons_rework	595569ee-1d76-4581-98bb-cbe32a4b19d9
21	e582cda6fa907c57b6ba4bb00ca6b94990a1cd2d	2010-06-15T20:31:04Z	arawerma	https://svn.code.sf.net/p/estab/svn/eStab/branch/0.9.20_buttons_rework	595569ee-1d76-4581-98bb-cbe32a4b19d9
26	ba9524caa17a92a0594b2bbaad8089923ab86270	2010-06-17T19:59:44Z	Hajoland	https://svn.code.sf.net/p/estab/svn/eStab/branch/0.9.20_buxfix	595569ee-1d76-4581-98bb-cbe32a4b19d9
27	efa3dd0ccbda83488b33da9cc84cf4245bb9ee8c	2010-06-17T20:15:54Z	lasasal	https://svn.code.sf.net/p/estab/svn/eStab/branch/0.9.20_ticket20	595569ee-1d76-4581-98bb-cbe32a4b19d9
28	5fbd83a30a6fd54874d92fe545eb6f44dde3c68f	2010-06-18T05:59:47Z	arawerma	https://svn.code.sf.net/p/estab/svn/eStab/branch/0.9.20_buxfix	595569ee-1d76-4581-98bb-cbe32a4b19d9
29	03d6bc6deade0f3317f24cda2a32667f2fef0d8a	2010-06-18T19:17:34Z	arawerma	https://svn.code.sf.net/p/estab/svn/eStab/trunk	595569ee-1d76-4581-98bb-cbe32a4b19d9
30	6823248874649c7aa5d0bf6614621c035f098f78	2010-06-18T21:53:35Z	arawerma	https://svn.code.sf.net/p/estab/svn/eStab/tags/ver0.9.20	595569ee-1d76-4581-98bb-cbe32a4b19d9
31	d3cff4cd6d47bbce0b7a193908cc62f8bfd37a57	2010-06-18T21:55:44Z	arawerma	https://svn.code.sf.net/p/estab/svn/eStab/tags/ver0.9.20	595569ee-1d76-4581-98bb-cbe32a4b19d9
32	57060d6262c2fecea43f8dd6f69c9ed56780058d	2010-06-18T21:59:39Z	arawerma	https://svn.code.sf.net/p/estab/svn/eStab/branch/0.9.20_buxfix	595569ee-1d76-4581-98bb-cbe32a4b19d9
33	0d9d8b085eae955a3731d1310656724932fafc73	2010-06-18T22:01:00Z	arawerma	https://svn.code.sf.net/p/estab/svn/eStab/branch/0.9.20_ticket20	595569ee-1d76-4581-98bb-cbe32a4b19d9
34	5c4e14f5d4955174a0b5cd7cc1ed05228a9f1d6e	2010-06-18T22:02:58Z	arawerma	https://svn.code.sf.net/p/estab/svn/eStab/branch/0.9.20_buxfix	595569ee-1d76-4581-98bb-cbe32a4b19d9
35	146fc49a5c953527d0a0c20779d033f83e379b60	2010-06-18T22:04:00Z	arawerma	https://svn.code.sf.net/p/estab/svn/eStab/branch/0.9.20_ticket20	595569ee-1d76-4581-98bb-cbe32a4b19d9
36	7d5178a4ee9e96c3cd5ada9418e0c366a9032637	2010-06-19T09:08:55Z	Hajoland	https://svn.code.sf.net/p/estab/svn/eStab/branch/0.9.20_buxfix	595569ee-1d76-4581-98bb-cbe32a4b19d9
37	2c7fe7293af8369b6fc530b761cddddd47250070	2010-06-20T15:48:06Z	Hajoland	https://svn.code.sf.net/p/estab/svn/eStab/branch/0.9.20_buxfix	595569ee-1d76-4581-98bb-cbe32a4b19d9
38	58e51b38a7faf43a02dfe3f1afabdff4b1e70724	2010-06-20T18:35:49Z	Hajoland	https://svn.code.sf.net/p/estab/svn/eStab/branch/0.9.20_buxfix	595569ee-1d76-4581-98bb-cbe32a4b19d9
39	92ff02f323eaaa2835a32c7d2d3a97cc9bca4f7b	2010-06-21T12:48:19Z	lasasal	https://svn.code.sf.net/p/estab/svn/eStab/branch/0.9.20_ticket20	595569ee-1d76-4581-98bb-cbe32a4b19d9
40	d3419aab01e97b5bb4f0f874684a77d519d75acc	2010-06-22T12:18:51Z	lasasal	https://svn.code.sf.net/p/estab/svn/eStab/branch/0.9.20_ticket20	595569ee-1d76-4581-98bb-cbe32a4b19d9
41	4d1faa87da7cdedcc7a08f6237b46ed1c3645f0f	2010-06-25T19:25:29Z	lasasal	https://svn.code.sf.net/p/estab/svn/eStab/branch/0.9.20_ticket20	595569ee-1d76-4581-98bb-cbe32a4b19d9
42	fa688feaf2395602358cb86a599e7dd228135ca4	2010-06-26T20:32:28Z	lasasal	https://svn.code.sf.net/p/estab/svn/eStab/branch/0.9.20_ticket20	595569ee-1d76-4581-98bb-cbe32a4b19d9
43	2e43adae35c54401d9943dd7f4d35e4ddabfded3	2010-06-26T20:45:36Z	lasasal	https://svn.code.sf.net/p/estab/svn/eStab/trunk	595569ee-1d76-4581-98bb-cbe32a4b19d9
44	895125133a93c96687e886447cf78beded9b5fb0	2010-06-29T20:17:12Z	Hajoland	https://svn.code.sf.net/p/estab/svn/eStab/branch/0.9.20_buxfix	595569ee-1d76-4581-98bb-cbe32a4b19d9
45	38d64bcfce7e95c1b566c12e1c7e03e6e5474842	2010-07-04T09:05:41Z	Hajoland	https://svn.code.sf.net/p/estab/svn/eStab/branch/0.9.20_buxfix	595569ee-1d76-4581-98bb-cbe32a4b19d9
49	fc8392ba480f2db849291207e02d38b577153363	2010-08-26T14:40:33Z	Hajoland	https://svn.code.sf.net/p/estab/svn/eStab/branch/0.9.20_buxfix	595569ee-1d76-4581-98bb-cbe32a4b19d9
50	acbd24cacae845adc4ec0b16ceb99f50c43b50a6	2010-09-26T16:13:50Z	Hajoland	https://svn.code.sf.net/p/estab/svn/eStab/branch/0.9.20_kto_usr_fkt	595569ee-1d76-4581-98bb-cbe32a4b19d9
51	465b8bf411b3ce239536442e1a35ca6a963f9bd9	2010-10-21T14:32:49Z	Hajoland	https://svn.code.sf.net/p/estab/svn/eStab/branch/0.9.20_buxfix	595569ee-1d76-4581-98bb-cbe32a4b19d9
52	51d746a87b1ad1a497400f3adc3d1d2e5794bc3b	2010-10-21T16:11:28Z	Hajoland	https://svn.code.sf.net/p/estab/svn/eStab/branch/0.9.20_buxfix	595569ee-1d76-4581-98bb-cbe32a4b19d9
53	a08214904cb03fc30d4e29caa8ca402b13c9d19f	2010-10-21T16:44:15Z	Hajoland	https://svn.code.sf.net/p/estab/svn/eStab/branch/0.9.20_buxfix	595569ee-1d76-4581-98bb-cbe32a4b19d9
54	419ba9350e79bad617b4dae438876edf01a450d3	2010-10-29T19:39:54Z	Hajoland	https://svn.code.sf.net/p/estab/svn/eStab/trunk	595569ee-1d76-4581-98bb-cbe32a4b19d9
55	74d45366694441d3c6ddba60de0c9a2d7d6eeea0	2010-10-29T19:58:15Z	Hajoland	https://svn.code.sf.net/p/estab/svn/eStab/trunk	595569ee-1d76-4581-98bb-cbe32a4b19d9
56	af030a75aa12b46326e5fea18c6a331afd381c02	2010-12-12T19:33:08Z	Hajoland	https://svn.code.sf.net/p/estab/svn/eStab/trunk	595569ee-1d76-4581-98bb-cbe32a4b19d9
57	43cfefe2f8025a1369e1aa0c9266b0f12d5f9273	2010-12-12T21:08:17Z	Hajoland	https://svn.code.sf.net/p/estab/svn/eStab/trunk	595569ee-1d76-4581-98bb-cbe32a4b19d9
58	73d65d5ccb0caa238f386fd462a21aac3b2fd607	2010-12-17T14:54:01Z	Hajoland	https://svn.code.sf.net/p/estab/svn/eStab/branch/0.9.20_ticket20	595569ee-1d76-4581-98bb-cbe32a4b19d9
59	9673fd1902e294f041a6176e6fdf1cc93d134b52	2010-12-17T15:20:29Z	Hajoland	https://svn.code.sf.net/p/estab/svn/eStab/trunk	595569ee-1d76-4581-98bb-cbe32a4b19d9
60	3a9b7fe60989f6fbcd229d0c0cc04fd4ee6e8e05	2010-12-17T20:30:31Z	Hajoland	https://svn.code.sf.net/p/estab/svn/eStab/trunk	595569ee-1d76-4581-98bb-cbe32a4b19d9
61	302878441a344b5416ed66a2643e87f9f2f28e34	2010-12-17T20:45:52Z	Hajoland	https://svn.code.sf.net/p/estab/svn/eStab/trunk	595569ee-1d76-4581-98bb-cbe32a4b19d9
62	6021f3b34855bb896edb9d8495e317720e94ba4d	2011-01-09T21:05:50Z	arawerma	https://svn.code.sf.net/p/estab/svn/eStab/trunk	595569ee-1d76-4581-98bb-cbe32a4b19d9
63	53c3260bfbbc36e7974ae4b8c692edd3586bb641	2011-01-09T22:57:56Z	arawerma	https://svn.code.sf.net/p/estab/svn/eStab/trunk	595569ee-1d76-4581-98bb-cbe32a4b19d9
64	5eedf5e2033ef3be9ebafcd70e6ec39b28ec499a	2011-02-04T06:41:14Z	arawerma	https://svn.code.sf.net/p/estab/svn/eStab/trunk	595569ee-1d76-4581-98bb-cbe32a4b19d9
65	c554dc3ad757223ced1fe6a25081e8404d0af9cd	2011-02-15T18:53:08Z	toboms	https://svn.code.sf.net/p/estab/svn/eStab/trunk	595569ee-1d76-4581-98bb-cbe32a4b19d9
66	ce2dfd8d5bde08b33b92bac68cb118c1e2cb06b4	2011-02-16T18:04:11Z	arawerma	https://svn.code.sf.net/p/estab/svn/eStab/trunk	595569ee-1d76-4581-98bb-cbe32a4b19d9
67	0960b88e766fc06ea0918d70a494cefdc5fa93d2	2011-02-17T09:00:38Z	toboms	https://svn.code.sf.net/p/estab/svn/eStab/trunk	595569ee-1d76-4581-98bb-cbe32a4b19d9
68	6b64cb84e4f3bc5e4a3fb54927f87c74b5df3962	2011-05-26T19:20:04Z	arawerma	https://svn.code.sf.net/p/estab/svn/eStab/branch/0.9.20_bugfix	595569ee-1d76-4581-98bb-cbe32a4b19d9
69	c650bf6aeee0188182e35a8f66cbae49c9e12f89	2011-05-26T20:38:37Z	arawerma	https://svn.code.sf.net/p/estab/svn/eStab/branch/0.9.20_bugfix	595569ee-1d76-4581-98bb-cbe32a4b19d9
70	29f5ce2e9ade4a3e0330a9ca81c11bfa5e78f7fd	2011-05-26T20:45:40Z	arawerma	https://svn.code.sf.net/p/estab/svn/eStab/tags/ver0.9.20b	595569ee-1d76-4581-98bb-cbe32a4b19d9
71	84b91dcb952e95f0f794a93d4272a12807693c5d	2011-05-26T21:07:56Z	arawerma	https://svn.code.sf.net/p/estab/svn/eStab/tags/ver0.9.20b	595569ee-1d76-4581-98bb-cbe32a4b19d9
72	e799be8dc8b4873fbd72d2d199677e862ae6acde	2011-06-17T05:19:26Z	arawerma	https://svn.code.sf.net/p/estab/svn/eStab/tags/ver0.9.20b	595569ee-1d76-4581-98bb-cbe32a4b19d9
74	23fc50a9fddb491f2e98f0d46a347f73b809c0cf	2011-06-21T16:58:46Z	arawerma	https://svn.code.sf.net/p/estab/svn/eStab_0.9/branch/0.9.20_bugfix	595569ee-1d76-4581-98bb-cbe32a4b19d9
74	5126474f9e5f1698fc9fc4a7e22e54af96277e71	2011-06-21T16:58:46Z	arawerma	https://svn.code.sf.net/p/estab/svn/eStab_0.9/tags/ver0.9.12	595569ee-1d76-4581-98bb-cbe32a4b19d9
74	7f614650bb35222dd0d81580849c3c87d6b4e827	2011-06-21T16:58:46Z	arawerma	https://svn.code.sf.net/p/estab/svn/eStab_0.9/tags/ver0.9.20	595569ee-1d76-4581-98bb-cbe32a4b19d9
74	8d56ff3b5509057bfd5926ef216910e0828834ec	2011-06-21T16:58:46Z	arawerma	https://svn.code.sf.net/p/estab/svn/eStab_0.9/branch/0.9.20_buttons_rework	595569ee-1d76-4581-98bb-cbe32a4b19d9
74	8f9e2a02c78c81b468a43d926f5bb5eba6e8105e	2011-06-21T16:58:46Z	arawerma	https://svn.code.sf.net/p/estab/svn/eStab_0.9/trunk	595569ee-1d76-4581-98bb-cbe32a4b19d9
74	a55cc01bf88e0609afaed5380f702669b9aa0b9a	2011-06-21T16:58:46Z	arawerma	https://svn.code.sf.net/p/estab/svn/eStab_0.9/tags/ver0.9.20b	595569ee-1d76-4581-98bb-cbe32a4b19d9
74	a852d2f9d48c33b93d34243ce9dc5466a8953ed9	2011-06-21T16:58:46Z	arawerma	https://svn.code.sf.net/p/estab/svn/eStab_0.9/branch/0.9.20_ticket20	595569ee-1d76-4581-98bb-cbe32a4b19d9
74	af1732a43e18b743e221d4ac49fd42023bcbdd2b	2011-06-21T16:58:46Z	arawerma	https://svn.code.sf.net/p/estab/svn/eStab_0.9/tags/ver0.9.10	595569ee-1d76-4581-98bb-cbe32a4b19d9
74	b70a627b5d6866279e45edd6704e66f9714fefe2	2011-06-21T16:58:46Z	arawerma	https://svn.code.sf.net/p/estab/svn/eStab_0.9/tags/ver0.9.11	595569ee-1d76-4581-98bb-cbe32a4b19d9
74	de8112d47d479fef6ee0cbbd48321ee0e647f8d7	2011-06-21T16:58:46Z	arawerma	https://svn.code.sf.net/p/estab/svn/eStab_0.9/branch/0.9.20_kto_usr_fkt	595569ee-1d76-4581-98bb-cbe32a4b19d9
74	f717b99ab42f4d9dfb12731ac3835f09fecad3c6	2011-06-21T16:58:46Z	arawerma	https://svn.code.sf.net/p/estab/svn/eStab_0.9/tags/ver0.9.09	595569ee-1d76-4581-98bb-cbe32a4b19d9
75	de3ae7d67fcce481c6725c776be5bd0fa9b73560	2011-10-06T11:27:22Z	arawerma	https://svn.code.sf.net/p/estab/svn/eStab_0.9/trunk	595569ee-1d76-4581-98bb-cbe32a4b19d9
76	e358200ec94c30b111903029f76b75ceddf4e12c	2011-10-08T10:29:54Z	arawerma	https://svn.code.sf.net/p/estab/svn/eStab_0.9/trunk	595569ee-1d76-4581-98bb-cbe32a4b19d9
77	435f64b86c2bb711e7e804dc76a7527f6ae2eb23	2011-10-08T10:39:39Z	arawerma	https://svn.code.sf.net/p/estab/svn/eStab_0.9/trunk	595569ee-1d76-4581-98bb-cbe32a4b19d9
78	77070fb63899862d4d5b6fa5d494b4d5ac7a3277	2011-10-08T10:54:42Z	arawerma	https://svn.code.sf.net/p/estab/svn/eStab_0.9/trunk	595569ee-1d76-4581-98bb-cbe32a4b19d9
79	b21c2148f41c5a30e59f40267fefad31bef6238b	2011-10-10T06:18:48Z	arawerma	https://svn.code.sf.net/p/estab/svn/eStab_0.9/trunk	595569ee-1d76-4581-98bb-cbe32a4b19d9
80	25ba7eb5065f527f3066d58f19a3ba897c84b9f8	2011-10-10T06:25:54Z	arawerma	https://svn.code.sf.net/p/estab/svn/eStab_0.9/trunk	595569ee-1d76-4581-98bb-cbe32a4b19d9
81	0d633c6ed96560fbb563a45728df2c47a99eae56	2011-10-10T19:46:51Z	arawerma	https://svn.code.sf.net/p/estab/svn/eStab_0.9/trunk	595569ee-1d76-4581-98bb-cbe32a4b19d9
82	b4f089624748bb06a3cc87258dcafba75afc9fb9	2011-10-10T19:55:12Z	Hajoland	https://svn.code.sf.net/p/estab/svn/eStab_0.9/trunk	595569ee-1d76-4581-98bb-cbe32a4b19d9
83	d09fdc2afe8520e394f422d404b26f08173718aa	2011-10-10T20:35:05Z	arawerma	https://svn.code.sf.net/p/estab/svn/eStab_0.9/trunk	595569ee-1d76-4581-98bb-cbe32a4b19d9
84	74b69e4be8f2e782e9365edc3450836ef3d9b1a0	2011-10-10T20:35:48Z	arawerma	https://svn.code.sf.net/p/estab/svn/eStab_0.9/trunk	595569ee-1d76-4581-98bb-cbe32a4b19d9
